result.query	result.significant	result.p_value	result.term_size	result.query_size	result.intersection_size	result.precision	result.recall	result.term_id	result.source	result.term_name	result.effective_domain_size	result.source_order	result.parents
query_1	TRUE	0.0027111234653960435	340	70	12	0.17142857142857143	0.03529411764705882	KEGG:04080	KEGG	Neuroactive ligand-receptor interaction	8000	244	
query_1	TRUE	0.012414761054020127	212	101	10	0.09900990099009901	0.04716981132075472	REAC:R-HSA-416476	REAC	G alpha (q) signalling events	10622	900	
query_1	TRUE	0.040997815804757726	459	101	14	0.13861386138613863	0.030501089324618737	REAC:R-HSA-500792	REAC	GPCR ligand binding	10622	931	
query_1	TRUE	2.462964666095058e-4	1844	225	47	0.2088888888888889	0.0254880694143167	TF:M00672_1	TF	Factor: TEF; motif: ATGTTWAYATAA; match class: 1	19917	8171	
query_1	TRUE	0.004612754887815703	5979	225	101	0.4488888888888889	0.016892456932597423	TF:M00672	TF	Factor: TEF; motif: ATGTTWAYATAA	19917	8170	
query_1	TRUE	0.026589546956559167	4016	225	73	0.3244444444444444	0.018177290836653388	TF:M01255	TF	Factor: ipf1; motif: RNWCATTAANWN	19917	4062	
query_1	TRUE	0.03631170303355156	4201	225	75	0.3333333333333333	0.017852892168531302	TF:M04073	TF	Factor: POU2F2; motif: NWTRMATATKCAWN	19917	6396	
query_1	TRUE	0.04368961497438342	4757	225	82	0.36444444444444446	0.01723775488753416	TF:M07457	TF	Factor: Hoxa9; motif: NTTAAWTAMA	19917	3614	
